iter	Passed	Remaining
0	2575	512501
1	4064	402366
2	6345	416668
3	8701	426375
4	11058	431287
5	13319	430651
6	15555	428886
7	17830	427934
8	20211	428927
9	22443	426430
10	25876	444610
11	28078	439902
12	30058	432385
13	31671	420774
14	33961	418855
15	36211	416433
16	38467	414086
17	41421	418821
18	44248	421522
19	45381	408430
20	47724	406797
21	50352	407400
22	53049	408251
23	55304	405569
24	57598	403191
25	59916	400980
26	62067	397693
27	63594	390653
28	65912	388658
29	69036	391205
30	71361	389032
31	73541	386094
32	75630	382737
33	77855	380120
34	79824	376313
35	82020	373647
36	84183	370861
37	86274	367803
38	88755	366400
39	91253	365015
40	94195	365292
41	96505	363046
42	98867	360980
43	101080	358374
44	103279	355741
45	105486	353149
46	107912	351288
47	110213	349008
48	112471	346596
49	114731	344193
50	116993	341803
51	120319	342448
52	123109	341454
53	125297	338768
54	127439	335975
55	129599	333257
56	131877	330851
57	134106	328330
58	136414	326007
59	138591	323380
60	140888	321040
61	143160	318647
62	145448	316292
63	147627	313707
64	149979	311495
65	152079	308767
66	154234	306166
67	156415	303630
68	158569	301052
69	160792	298614
70	162948	296061
71	165190	293671
72	167374	291185
73	169658	288877
74	171841	286402
75	174042	283964
76	176178	281427
77	178412	279055
78	181204	277541
79	183460	275191
80	185741	272878
81	188046	270603
82	190364	268345
83	192696	266104
84	193277	261493
85	195655	259357
86	197907	257052
87	200192	254789
88	202458	252504
89	204850	250372
90	207129	248099
91	209433	245856
92	211800	243683
93	214248	241599
94	216610	239412
95	218980	237228
96	221318	235007
97	223603	232730
98	225952	230517
99	228302	228302
100	230729	226160
101	232987	223851
102	235241	221538
103	237508	219238
104	239889	217042
105	242104	214696
106	244286	212323
107	246662	210119
108	248920	207814
109	251105	205449
110	253325	203116
111	255535	200778
112	257762	198454
113	259952	196104
114	262185	193789
115	264436	191488
116	266612	189135
117	268797	186791
118	271119	184543
119	273269	182179
120	275462	179847
121	277657	177519
122	279839	175183
123	282054	172871
124	284308	170585
125	286770	168420
126	289533	166424
127	291788	164131
128	293950	161786
129	296160	159470
130	298320	157130
131	300655	154883
132	302812	152544
133	305001	150224
134	307288	147953
135	309913	145841
136	312149	143543
137	314269	141193
138	316395	138849
139	318620	136551
140	320804	134237
141	322930	131901
142	325202	129626
143	327362	127307
144	329529	124993
145	331739	122698
146	333958	120406
147	336099	118089
148	338280	115787
149	340501	113500
150	342711	111210
151	344892	108913
152	347123	106632
153	349322	104342
154	351645	102090
155	353830	99798
156	356014	97507
157	358189	95214
158	360467	92950
159	362591	90647
160	364773	88361
161	367009	86088
162	369198	83805
163	371384	81523
164	373572	79242
165	375766	76964
166	378016	74697
167	380221	72423
168	382328	70131
169	384459	67845
170	386668	65575
171	388820	63296
172	390991	61021
173	393233	58759
174	395426	56489
175	397561	54212
176	399695	51937
177	401852	49667
178	404148	47414
179	406448	45160
180	409139	42948
181	411560	40703
182	414186	38476
183	416614	36227
184	418900	33964
185	421639	31736
186	424071	29480
187	426874	27247
188	429762	25012
189	431989	22736
190	434326	20465
191	436607	18191
192	438862	15917
193	441063	13641
194	443511	11372
195	446580	9113
196	449233	6841
197	451571	4561
198	454699	2284
199	456840	0
